# x_m, y_m, w_tr_right_m, w_tr_left_m
0.0, 0.0, 1.1, 1.1
0.070039, -0.183632, 1.1, 1.1
0.157637, -0.365394, 1.1, 1.1
0.260106, -0.538786, 1.1, 1.1
0.387526, -0.715417, 1.1, 1.1
0.51477, -0.865888, 1.1, 1.1
0.649729, -1.006819, 1.1, 1.1
0.790919, -1.137095, 1.1, 1.1
0.930286, -1.258537, 1.1, 1.1
1.090893, -1.389015, 1.1, 1.1
1.249357, -1.503484, 1.1, 1.1
1.415764, -1.620344, 1.1, 1.1
1.581266, -1.745507, 1.1, 1.1
1.734732, -1.877736, 1.1, 1.1
1.872684, -2.020802, 1.1, 1.1
1.995491, -2.183408, 1.1, 1.1
2.098295, -2.343254, 1.1, 1.1
2.19572, -2.514721, 1.1, 1.1
2.273713, -2.689394, 1.1, 1.1
2.338042, -2.88534, 1.1, 1.1
2.379472, -3.077057, 1.1, 1.1
2.402236, -3.277234, 1.1, 1.1
2.405302, -3.478895, 1.1, 1.1
2.390129, -3.67603, 1.1, 1.1
2.357234, -3.87736, 1.1, 1.1
2.310034, -4.068923, 1.1, 1.1
2.249456, -4.25915, 1.1, 1.1
2.177563, -4.448825, 1.1, 1.1
2.099973, -4.630278, 1.1, 1.1
2.015808, -4.811847, 1.1, 1.1
1.927419, -4.993109, 1.1, 1.1
1.838162, -5.170785, 1.1, 1.1
1.746615, -5.348652, 1.1, 1.1
1.653223, -5.526219, 1.1, 1.1
1.558476, -5.702712, 1.1, 1.1
1.462326, -5.877855, 1.1, 1.1
1.364512, -6.051633, 1.1, 1.1
1.263321, -6.226479, 1.1, 1.1
1.161155, -6.39776, 1.1, 1.1
1.057065, -6.56665, 1.1, 1.1
0.947851, -6.737503, 1.1, 1.1
0.837984, -6.902562, 1.1, 1.1
0.724479, -7.065682, 1.1, 1.1
0.606251, -7.228037, 1.1, 1.1
0.486935, -7.38532, 1.1, 1.1
0.363305, -7.542671, 1.1, 1.1
0.237746, -7.697755, 1.1, 1.1
0.110673, -7.850869, 1.1, 1.1
-0.018497, -8.003479, 1.1, 1.1
-0.148438, -8.154729, 1.1, 1.1
-0.279258, -8.305465, 1.1, 1.1
-0.410566, -8.4559, 1.1, 1.1
-0.541974, -8.606218, 1.1, 1.1
-0.673101, -8.756611, 1.1, 1.1
-0.803953, -8.90771, 1.1, 1.1
-0.933567, -9.059024, 1.1, 1.1
-1.062246, -9.211646, 1.1, 1.1
-1.189536, -9.365826, 1.1, 1.1
-1.314115, -9.520689, 1.1, 1.1
-1.437399, -9.678724, 1.1, 1.1
-1.556636, -9.837081, 1.1, 1.1
-1.673005, -9.998334, 1.1, 1.1
-1.787591, -10.165422, 1.1, 1.1
-1.893318, -10.32867, 1.1, 1.1
-1.997224, -10.499548, 1.1, 1.1
-2.097618, -10.67657, 1.1, 1.1
-2.188654, -10.850376, 1.1, 1.1
-2.274151, -11.031952, 1.1, 1.1
-2.350812, -11.220233, 1.1, 1.1
-2.414403, -11.409376, 1.1, 1.1
-2.465134, -11.603007, 1.1, 1.1
-2.500956, -11.799242, 1.1, 1.1
-2.520739, -12.005293, 1.1, 1.1
-2.5227, -12.207093, 1.1, 1.1
-2.507836, -12.397928, 1.1, 1.1
-2.469385, -12.608597, 1.1, 1.1
-2.414621, -12.795979, 1.1, 1.1
-2.342671, -12.979109, 1.1, 1.1
-2.25034, -13.151762, 1.1, 1.1
-2.128076, -13.307264, 1.1, 1.1
-1.974546, -13.428894, 1.1, 1.1
-1.781223, -13.499266, 1.1, 1.1
-1.589878, -13.514648, 1.1, 1.1
-1.401753, -13.504343, 1.1, 1.1
-1.201523, -13.476734, 1.1, 1.1
-1.017724, -13.415434, 1.1, 1.1
-0.834672, -13.326033, 1.1, 1.1
-0.657266, -13.217928, 1.1, 1.1
-0.495357, -13.103854, 1.1, 1.1
-0.33408, -12.981238, 1.1, 1.1
-0.170276, -12.85343, 1.1, 1.1
-0.009522, -12.728692, 1.1, 1.1
0.143211, -12.613871, 1.1, 1.1
0.316802, -12.491046, 1.1, 1.1
0.468739, -12.385495, 1.1, 1.1
0.628463, -12.270608, 1.1, 1.1
0.792972, -12.162934, 1.1, 1.1
0.963492, -12.069406, 1.1, 1.1
1.154446, -11.981583, 1.1, 1.1
1.342271, -11.908528, 1.1, 1.1
1.531556, -11.844514, 1.1, 1.1
1.729024, -11.786693, 1.1, 1.1
1.918079, -11.738108, 1.1, 1.1
2.108174, -11.691772, 1.1, 1.1
2.301402, -11.64156, 1.1, 1.1
2.489129, -11.584735, 1.1, 1.1
2.678432, -11.517326, 1.1, 1.1
2.862758, -11.44128, 1.1, 1.1
3.042643, -11.356497, 1.1, 1.1
3.221826, -11.260829, 1.1, 1.1
3.390716, -11.159615, 1.1, 1.1
3.558681, -11.047691, 1.1, 1.1
3.719454, -10.929185, 1.1, 1.1
3.874341, -10.803749, 1.1, 1.1
4.02541, -10.670035, 1.1, 1.1
4.168595, -10.532122, 1.1, 1.1
4.30706, -10.387933, 1.1, 1.1
4.440607, -10.238393, 1.1, 1.1
4.568632, -10.085106, 1.1, 1.1
4.692167, -9.928069, 1.1, 1.1
4.811747, -9.767767, 1.1, 1.1
4.927718, -9.604766, 1.1, 1.1
5.040025, -9.440101, 1.1, 1.1
5.14977, -9.273127, 1.1, 1.1
5.257172, -9.104723, 1.1, 1.1
5.362685, -8.935631, 1.1, 1.1
5.467432, -8.765376, 1.1, 1.1
5.571236, -8.594767, 1.1, 1.1
5.674272, -8.423812, 1.1, 1.1
5.776842, -8.252217, 1.1, 1.1
5.878631, -8.080544, 1.1, 1.1
5.979887, -7.908399, 1.1, 1.1
6.080591, -7.735824, 1.1, 1.1
6.180548, -7.563166, 1.1, 1.1
6.280105, -7.389837, 1.1, 1.1
6.37899, -7.216324, 1.1, 1.1
6.477204, -7.042636, 1.1, 1.1
6.575029, -6.868291, 1.1, 1.1
6.672133, -6.693885, 1.1, 1.1
6.768709, -6.51909, 1.1, 1.1
6.864773, -6.343885, 1.1, 1.1
6.960135, -6.168629, 1.1, 1.1
7.055101, -5.992771, 1.1, 1.1
7.14944, -5.816746, 1.1, 1.1
7.243156, -5.640562, 1.1, 1.1
7.336479, -5.463796, 1.1, 1.1
7.429129, -5.286985, 1.1, 1.1
7.521287, -5.109799, 1.1, 1.1
7.612936, -4.932276, 1.1, 1.1
7.703932, -4.754708, 1.1, 1.1
7.794553, -4.576563, 1.1, 1.1
7.884563, -4.39831, 1.1, 1.1
7.974015, -4.219856, 1.1, 1.1
8.06304, -4.04095, 1.1, 1.1
8.151443, -3.861989, 1.1, 1.1
8.239398, -3.682635, 1.1, 1.1
8.326829, -3.503048, 1.1, 1.1
8.413672, -3.323371, 1.1, 1.1
8.500131, -3.143191, 1.1, 1.1
8.586002, -2.962937, 1.1, 1.1
8.67138, -2.782422, 1.1, 1.1
8.75629, -2.601602, 1.1, 1.1
8.840639, -2.42069, 1.1, 1.1
8.924571, -2.239391, 1.1, 1.1
9.007972, -2.057939, 1.1, 1.1
9.09085, -1.876302, 1.1, 1.1
9.173281, -1.694355, 1.1, 1.1
9.255255, -1.512287, 1.1, 1.1
9.336875, -1.330053, 1.1, 1.1
9.418242, -1.147682, 1.1, 1.1
9.499465, -0.965224, 1.1, 1.1
9.580599, -0.782846, 1.1, 1.1
9.661844, -0.600368, 1.1, 1.1
9.743208, -0.418045, 1.1, 1.1
9.824814, -0.235867, 1.1, 1.1
9.906899, -0.053587, 1.1, 1.1
9.989236, 0.12803, 1.1, 1.1
10.072271, 0.309695, 1.1, 1.1
10.155986, 0.491104, 1.1, 1.1
10.240275, 0.671771, 1.1, 1.1
10.3257, 0.852639, 1.1, 1.1
10.41178, 1.032443, 1.1, 1.1
10.498977, 1.211919, 1.1, 1.1
10.587709, 1.391685, 1.1, 1.1
10.676849, 1.569262, 1.1, 1.1
10.767815, 1.747272, 1.1, 1.1
10.860119, 1.924523, 1.1, 1.1
10.953267, 2.099884, 1.1, 1.1
11.048875, 2.276158, 1.1, 1.1
11.145532, 2.450554, 1.1, 1.1
11.243582, 2.62385, 1.1, 1.1
11.344007, 2.798036, 1.1, 1.1
11.445109, 2.970346, 1.1, 1.1
11.547692, 3.141773, 1.1, 1.1
11.652261, 3.312425, 1.1, 1.1
11.759256, 3.482019, 1.1, 1.1
11.869172, 3.648995, 1.1, 1.1
11.982956, 3.812011, 1.1, 1.1
12.10407, 3.973109, 1.1, 1.1
12.230633, 4.127577, 1.1, 1.1
12.363685, 4.274908, 1.1, 1.1
12.507462, 4.417687, 1.1, 1.1
12.656177, 4.549385, 1.1, 1.1
12.814043, 4.673053, 1.1, 1.1
12.980852, 4.787658, 1.1, 1.1
13.147248, 4.887626, 1.1, 1.1
13.331422, 4.983266, 1.1, 1.1
13.50953, 5.062531, 1.1, 1.1
13.698133, 5.134187, 1.1, 1.1
13.883238, 5.196059, 1.1, 1.1
14.069286, 5.254981, 1.1, 1.1
14.264185, 5.309506, 1.1, 1.1
14.453887, 5.351885, 1.1, 1.1
14.656477, 5.386047, 1.1, 1.1
14.853878, 5.409382, 1.1, 1.1
15.053696, 5.427435, 1.1, 1.1
15.254552, 5.444756, 1.1, 1.1
15.452693, 5.46502, 1.1, 1.1
15.648014, 5.491838, 1.1, 1.1
15.84371, 5.526588, 1.1, 1.1
16.036581, 5.566893, 1.1, 1.1
16.228218, 5.614071, 1.1, 1.1
16.424955, 5.674192, 1.1, 1.1
16.606895, 5.743184, 1.1, 1.1
16.790571, 5.827586, 1.1, 1.1
16.967334, 5.925082, 1.1, 1.1
17.13349, 6.033749, 1.1, 1.1
17.293112, 6.156343, 1.1, 1.1
17.442051, 6.290443, 1.1, 1.1
17.579687, 6.435146, 1.1, 1.1
17.706208, 6.590077, 1.1, 1.1
17.820985, 6.754605, 1.1, 1.1
17.922263, 6.927131, 1.1, 1.1
18.008412, 7.106223, 1.1, 1.1
18.079127, 7.293941, 1.1, 1.1
18.1317, 7.486724, 1.1, 1.1
18.164506, 7.682199, 1.1, 1.1
18.176375, 7.882156, 1.1, 1.1
18.165753, 8.081277, 1.1, 1.1
18.131917, 8.277524, 1.1, 1.1
18.075135, 8.46962, 1.1, 1.1
17.999335, 8.654386, 1.1, 1.1
17.906195, 8.834652, 1.1, 1.1
17.803264, 9.011561, 1.1, 1.1
17.710499, 9.181013, 1.1, 1.1
17.637485, 9.369181, 1.1, 1.1
17.612891, 9.562391, 1.1, 1.1
17.648044, 9.756743, 1.1, 1.1
17.732345, 9.94164, 1.1, 1.1
17.853109, 10.1044, 1.1, 1.1
18.003085, 10.238249, 1.1, 1.1
18.154969, 10.355563, 1.1, 1.1
18.320012, 10.463392, 1.1, 1.1
18.504058, 10.518836, 1.1, 1.1
18.708355, 10.524234, 1.1, 1.1
18.907847, 10.484581, 1.1, 1.1
19.101553, 10.432472, 1.1, 1.1
19.30495, 10.412934, 1.1, 1.1
19.501774, 10.448299, 1.1, 1.1
19.670182, 10.537934, 1.1, 1.1
19.812667, 10.67633, 1.1, 1.1
19.941661, 10.817794, 1.1, 1.1
20.063843, 10.984875, 1.1, 1.1
20.147507, 11.163502, 1.1, 1.1
20.204382, 11.35765, 1.1, 1.1
20.240637, 11.558062, 1.1, 1.1
20.265229, 11.756706, 1.1, 1.1
20.292228, 11.950777, 1.1, 1.1
20.334462, 12.142294, 1.1, 1.1
20.400153, 12.335299, 1.1, 1.1
20.48289, 12.509509, 1.1, 1.1
20.590043, 12.681027, 1.1, 1.1
20.718585, 12.838025, 1.1, 1.1
20.863039, 12.975391, 1.1, 1.1
21.021798, 13.098078, 1.1, 1.1
21.191457, 13.207587, 1.1, 1.1
21.365884, 13.306348, 1.1, 1.1
21.539496, 13.399423, 1.1, 1.1
21.716208, 13.496717, 1.1, 1.1
21.886446, 13.598765, 1.1, 1.1
22.051094, 13.711346, 1.1, 1.1
22.205872, 13.8388, 1.1, 1.1
22.341147, 13.983387, 1.1, 1.1
22.452893, 14.153843, 1.1, 1.1
22.528269, 14.337048, 1.1, 1.1
22.563022, 14.540708, 1.1, 1.1
22.550458, 14.740441, 1.1, 1.1
22.487988, 14.927383, 1.1, 1.1
22.390563, 15.087445, 1.1, 1.1
22.286876, 15.244014, 1.1, 1.1
22.143367, 15.381977, 1.1, 1.1
21.975665, 15.49109, 1.1, 1.1
21.78038, 15.575322, 1.1, 1.1
21.589094, 15.619538, 1.1, 1.1
21.388782, 15.634633, 1.1, 1.1
21.187479, 15.624081, 1.1, 1.1
20.989582, 15.596268, 1.1, 1.1
20.791907, 15.562718, 1.1, 1.1
20.591559, 15.534303, 1.1, 1.1
20.391157, 15.516386, 1.1, 1.1
20.194982, 15.508604, 1.1, 1.1
19.993171, 15.510115, 1.1, 1.1
19.794335, 15.519548, 1.1, 1.1
19.597361, 15.534404, 1.1, 1.1
19.398238, 15.552693, 1.1, 1.1
19.199984, 15.572393, 1.1, 1.1
19.002944, 15.59169, 1.1, 1.1
18.804337, 15.609187, 1.1, 1.1
18.604762, 15.623304, 1.1, 1.1
18.408379, 15.632592, 1.1, 1.1
18.206536, 15.636351, 1.1, 1.1
18.006577, 15.633507, 1.1, 1.1
17.807537, 15.623773, 1.1, 1.1
17.60654, 15.606549, 1.1, 1.1
17.405552, 15.581242, 1.1, 1.1
17.207452, 15.547783, 1.1, 1.1
17.01517, 15.506355, 1.1, 1.1
16.814156, 15.452283, 1.1, 1.1
16.625231, 15.390963, 1.1, 1.1
16.440674, 15.320597, 1.1, 1.1
16.255863, 15.238847, 1.1, 1.1
16.083455, 15.15293, 1.1, 1.1
15.909098, 15.055748, 1.1, 1.1
15.744253, 14.947288, 1.1, 1.1
15.588436, 14.823958, 1.1, 1.1
15.442981, 14.686744, 1.1, 1.1
15.310136, 14.540274, 1.1, 1.1
15.184071, 14.383757, 1.1, 1.1
15.068834, 14.227454, 1.1, 1.1
14.952327, 14.057127, 1.1, 1.1
14.847507, 13.89408, 1.1, 1.1
14.742969, 13.722738, 1.1, 1.1
14.639798, 13.545088, 1.1, 1.1
14.543163, 13.371498, 1.1, 1.1
14.447438, 13.195027, 1.1, 1.1
14.351611, 13.016572, 1.1, 1.1
14.254571, 12.836818, 1.1, 1.1
14.159196, 12.663839, 1.1, 1.1
14.058339, 12.488115, 1.1, 1.1
13.954147, 12.314348, 1.1, 1.1
13.854519, 12.15203, 1.1, 1.1
13.748397, 11.980404, 1.1, 1.1
13.643365, 11.814817, 1.1, 1.1
13.535532, 11.652542, 1.1, 1.1
13.417528, 11.486078, 1.1, 1.1
13.299367, 11.331177, 1.1, 1.1
13.17174, 11.175034, 1.1, 1.1
13.040032, 11.023965, 1.1, 1.1
12.905506, 10.8782, 1.1, 1.1
12.763721, 10.731945, 1.1, 1.1
12.623117, 10.592816, 1.1, 1.1
12.478932, 10.454104, 1.1, 1.1
12.332659, 10.315432, 1.1, 1.1
12.187987, 10.178456, 1.1, 1.1
12.043626, 10.039998, 1.1, 1.1
11.90088, 9.899316, 1.1, 1.1
11.761068, 9.755841, 1.1, 1.1
11.625716, 9.609468, 1.1, 1.1
11.494286, 9.457711, 1.1, 1.1
11.368668, 9.301044, 1.1, 1.1
11.251614, 9.141767, 1.1, 1.1
11.139238, 8.972566, 1.1, 1.1
11.03738, 8.800712, 1.1, 1.1
10.945902, 8.625288, 1.1, 1.1
10.862445, 8.439234, 1.1, 1.1
10.793852, 8.257604, 1.1, 1.1
10.733673, 8.061614, 1.1, 1.1
10.688269, 7.871834, 1.1, 1.1
10.653061, 7.676568, 1.1, 1.1
10.623814, 7.479823, 1.1, 1.1
10.59618, 7.293744, 1.1, 1.1
10.567458, 7.088806, 1.1, 1.1
10.544385, 6.89812, 1.1, 1.1
10.524311, 6.698926, 1.1, 1.1
10.507682, 6.488699, 1.1, 1.1
10.496161, 6.291755, 1.1, 1.1
10.486937, 6.09106, 1.1, 1.1
10.478685, 5.889421, 1.1, 1.1
10.469736, 5.681604, 1.1, 1.1
10.459196, 5.481454, 1.1, 1.1
10.445354, 5.28829, 1.1, 1.1
10.424517, 5.076087, 1.1, 1.1
10.40465, 4.888967, 1.1, 1.1
10.389743, 4.692636, 1.1, 1.1
10.38494, 4.495817, 1.1, 1.1
10.38649, 4.308948, 1.1, 1.1
10.387241, 4.101198, 1.1, 1.1
10.382423, 3.904658, 1.1, 1.1
10.371293, 3.704802, 1.1, 1.1
10.353349, 3.498306, 1.1, 1.1
10.329648, 3.299924, 1.1, 1.1
10.299076, 3.101765, 1.1, 1.1
10.260942, 2.905317, 1.1, 1.1
10.213943, 2.709497, 1.1, 1.1
10.158874, 2.519048, 1.1, 1.1
10.094921, 2.331086, 1.1, 1.1
10.02219, 2.145168, 1.1, 1.1
9.941906, 1.96251, 1.1, 1.1
9.85512, 1.783291, 1.1, 1.1
9.762299, 1.606517, 1.1, 1.1
9.664256, 1.432001, 1.1, 1.1
9.562537, 1.260849, 1.1, 1.1
9.456757, 1.091171, 1.1, 1.1
9.347888, 0.923473, 1.1, 1.1
9.23668, 0.757887, 1.1, 1.1
9.122985, 0.593305, 1.1, 1.1
9.007709, 0.430202, 1.1, 1.1
8.891117, 0.268115, 1.1, 1.1
8.773411, 0.106516, 1.1, 1.1
8.655275, -0.05432, 1.1, 1.1
8.536368, -0.214755, 1.1, 1.1
8.416482, -0.374689, 1.1, 1.1
8.295333, -0.533126, 1.1, 1.1
8.170428, -0.688982, 1.1, 1.1
8.039743, -0.840053, 1.1, 1.1
7.901596, -0.983722, 1.1, 1.1
7.753522, -1.117898, 1.1, 1.1
7.594273, -1.239337, 1.1, 1.1
7.424296, -1.34533, 1.1, 1.1
7.245553, -1.433543, 1.1, 1.1
7.054093, -1.503485, 1.1, 1.1
6.857905, -1.552002, 1.1, 1.1
6.667126, -1.578956, 1.1, 1.1
6.446928, -1.585238, 1.1, 1.1
6.2626, -1.568051, 1.1, 1.1
6.063495, -1.516377, 1.1, 1.1
5.896679, -1.486945, 1.1, 1.1
5.701096, -1.451258, 1.1, 1.1
5.517203, -1.388986, 1.1, 1.1
5.318135, -1.29523, 1.1, 1.1
5.15272, -1.194553, 1.1, 1.1
4.990464, -1.072735, 1.1, 1.1
4.840673, -0.933673, 1.1, 1.1
4.710916, -0.78389, 1.1, 1.1
4.596293, -0.620027, 1.1, 1.1
4.498227, -0.445064, 1.1, 1.1
4.41756, -0.265642, 1.1, 1.1
4.347194, -0.07853, 1.1, 1.1
4.282884, 0.11418, 1.1, 1.1
4.222944, 0.303406, 1.1, 1.1
4.162933, 0.49412, 1.1, 1.1
4.10105, 0.684888, 1.1, 1.1
4.035488, 0.875153, 1.1, 1.1
3.968313, 1.064328, 1.1, 1.1
3.903998, 1.252683, 1.1, 1.1
3.846103, 1.443812, 1.1, 1.1
3.798471, 1.640456, 1.1, 1.1
3.766229, 1.83657, 1.1, 1.1
3.752652, 2.033418, 1.1, 1.1
3.761119, 2.236807, 1.1, 1.1
3.791538, 2.433634, 1.1, 1.1
3.843882, 2.625572, 1.1, 1.1
3.923679, 2.822417, 1.1, 1.1
4.01661, 2.99147, 1.1, 1.1
4.147679, 3.164937, 1.1, 1.1
4.274831, 3.28195, 1.1, 1.1
4.404124, 3.396138, 1.1, 1.1
4.570186, 3.534259, 1.1, 1.1
4.73866, 3.607459, 1.1, 1.1
4.945371, 3.662991, 1.1, 1.1
5.150816, 3.687808, 1.1, 1.1
5.350394, 3.686658, 1.1, 1.1
5.549428, 3.667085, 1.1, 1.1
5.752922, 3.634332, 1.1, 1.1
5.950498, 3.598673, 1.1, 1.1
6.145728, 3.570417, 1.1, 1.1
6.353935, 3.558012, 1.1, 1.1
6.540171, 3.562492, 1.1, 1.1
6.739594, 3.584884, 1.1, 1.1
6.926672, 3.630957, 1.1, 1.1
7.107961, 3.702575, 1.1, 1.1
7.286051, 3.805007, 1.1, 1.1
7.440851, 3.924868, 1.1, 1.1
7.587474, 4.069842, 1.1, 1.1
7.711627, 4.225459, 1.1, 1.1
7.819063, 4.394492, 1.1, 1.1
7.909151, 4.57356, 1.1, 1.1
7.982077, 4.75882, 1.1, 1.1
8.041524, 4.949842, 1.1, 1.1
8.090141, 5.142907, 1.1, 1.1
8.130419, 5.338344, 1.1, 1.1
8.163797, 5.536304, 1.1, 1.1
8.19106, 5.733227, 1.1, 1.1
8.213739, 5.931896, 1.1, 1.1
8.232673, 6.131066, 1.1, 1.1
8.248799, 6.329702, 1.1, 1.1
8.263272, 6.529328, 1.1, 1.1
8.276963, 6.728614, 1.1, 1.1
8.290374, 6.927813, 1.1, 1.1
8.303677, 7.127402, 1.1, 1.1
8.316941, 7.326819, 1.1, 1.1
8.330128, 7.526159, 1.1, 1.1
8.343141, 7.725405, 1.1, 1.1
8.355941, 7.92538, 1.1, 1.1
8.368358, 8.124572, 1.1, 1.1
8.38038, 8.323933, 1.1, 1.1
8.391924, 8.524117, 1.1, 1.1
8.402674, 8.722732, 1.1, 1.1
8.412592, 8.92241, 1.1, 1.1
8.421567, 9.121971, 1.1, 1.1
8.429622, 9.320608, 1.1, 1.1
8.436958, 9.520268, 1.1, 1.1
8.443852, 9.719778, 1.1, 1.1
8.450682, 9.919279, 1.1, 1.1
8.45776, 10.118819, 1.1, 1.1
8.465313, 10.31849, 1.1, 1.1
8.473541, 10.518024, 1.1, 1.1
8.482589, 10.71752, 1.1, 1.1
8.492567, 10.917008, 1.1, 1.1
8.503429, 11.116331, 1.1, 1.1
8.514786, 11.315763, 1.1, 1.1
8.526165, 11.515117, 1.1, 1.1
8.537061, 11.714464, 1.1, 1.1
8.546933, 11.914077, 1.1, 1.1
8.555169, 12.113354, 1.1, 1.1
8.561041, 12.312971, 1.1, 1.1
8.56373, 12.512821, 1.1, 1.1
8.562122, 12.71224, 1.1, 1.1
8.55447, 12.911985, 1.1, 1.1
8.539051, 13.110467, 1.1, 1.1
8.513869, 13.307912, 1.1, 1.1
8.476538, 13.505268, 1.1, 1.1
8.426258, 13.697874, 1.1, 1.1
8.361987, 13.887345, 1.1, 1.1
8.28324, 14.07209, 1.1, 1.1
8.188564, 14.252623, 1.1, 1.1
8.082645, 14.421008, 1.1, 1.1
7.960354, 14.584181, 1.1, 1.1
7.822949, 14.73752, 1.1, 1.1
7.683952, 14.866547, 1.1, 1.1
7.51977, 14.991345, 1.1, 1.1
7.374498, 15.099114, 1.1, 1.1
7.211371, 15.225593, 1.1, 1.1
7.065288, 15.327512, 1.1, 1.1
6.881825, 15.435757, 1.1, 1.1
6.700433, 15.521513, 1.1, 1.1
6.514395, 15.591653, 1.1, 1.1
6.316475, 15.650093, 1.1, 1.1
6.118375, 15.693195, 1.1, 1.1
5.91984, 15.722506, 1.1, 1.1
5.721675, 15.739406, 1.1, 1.1
5.51961, 15.74483, 1.1, 1.1
5.318629, 15.739739, 1.1, 1.1
5.12256, 15.726607, 1.1, 1.1
4.922469, 15.707082, 1.1, 1.1
4.723862, 15.683581, 1.1, 1.1
4.528919, 15.658533, 1.1, 1.1
4.328826, 15.632782, 1.1, 1.1
4.131095, 15.607903, 1.1, 1.1
3.933694, 15.583865, 1.1, 1.1
3.734458, 15.560573, 1.1, 1.1
3.537204, 15.538476, 1.1, 1.1
3.338323, 15.517156, 1.1, 1.1
3.139756, 15.496828, 1.1, 1.1
2.941587, 15.477493, 1.1, 1.1
2.742661, 15.459055, 1.1, 1.1
2.543863, 15.441651, 1.1, 1.1
2.345331, 15.425341, 1.1, 1.1
2.146256, 15.410145, 1.1, 1.1
1.946984, 15.396189, 1.1, 1.1
1.74844, 15.383642, 1.1, 1.1
1.548219, 15.37251, 1.1, 1.1
1.350051, 15.363115, 1.1, 1.1
1.150743, 15.355235, 1.1, 1.1
0.94974, 15.34873, 1.1, 1.1
0.752045, 15.343441, 1.1, 1.1
0.551436, 15.338545, 1.1, 1.1
0.351047, 15.333464, 1.1, 1.1
0.151914, 15.327438, 1.1, 1.1
-0.048522, 15.319432, 1.1, 1.1
-0.248461, 15.30856, 1.1, 1.1
-0.447817, 15.294019, 1.1, 1.1
-0.646464, 15.275064, 1.1, 1.1
-0.845728, 15.250701, 1.1, 1.1
-1.043219, 15.220276, 1.1, 1.1
-1.23845, 15.182938, 1.1, 1.1
-1.43475, 15.136514, 1.1, 1.1
-1.62569, 15.080065, 1.1, 1.1
-1.812944, 15.010316, 1.1, 1.1
-1.995652, 14.924701, 1.1, 1.1
-2.165537, 14.825372, 1.1, 1.1
-2.330218, 14.704563, 1.1, 1.1
-2.476588, 14.570021, 1.1, 1.1
-2.606043, 14.419935, 1.1, 1.1
-2.718375, 14.2546, 1.1, 1.1
-2.81322, 14.084387, 1.1, 1.1
-2.895811, 13.905126, 1.1, 1.1
-2.961652, 13.715892, 1.1, 1.1
-3.006228, 13.523327, 1.1, 1.1
-3.026487, 13.320351, 1.1, 1.1
-3.016342, 13.119614, 1.1, 1.1
-2.97674, 12.924329, 1.1, 1.1
-2.904506, 12.732555, 1.1, 1.1
-2.806036, 12.55996, 1.1, 1.1
-2.68502, 12.407238, 1.1, 1.1
-2.540236, 12.273992, 1.1, 1.1
-2.38601, 12.162399, 1.1, 1.1
-2.210184, 12.066054, 1.1, 1.1
-2.019534, 11.998086, 1.1, 1.1
-1.827188, 11.957768, 1.1, 1.1
-1.621479, 11.935634, 1.1, 1.1
-1.41833, 11.930381, 1.1, 1.1
-1.217736, 11.934928, 1.1, 1.1
-1.019227, 11.940838, 1.1, 1.1
-0.812087, 11.940234, 1.1, 1.1
-0.611742, 11.929287, 1.1, 1.1
-0.419086, 11.906058, 1.1, 1.1
-0.216575, 11.863361, 1.1, 1.1
-0.035806, 11.806168, 1.1, 1.1
0.149808, 11.72501, 1.1, 1.1
0.317927, 11.624854, 1.1, 1.1
0.472003, 11.503447, 1.1, 1.1
0.613795, 11.360098, 1.1, 1.1
0.734471, 11.20836, 1.1, 1.1
0.845824, 11.034161, 1.1, 1.1
0.933618, 10.861913, 1.1, 1.1
1.00862, 10.674153, 1.1, 1.1
1.065808, 10.481372, 1.1, 1.1
1.105576, 10.286838, 1.1, 1.1
1.130024, 10.085651, 1.1, 1.1
1.138992, 9.887178, 1.1, 1.1
1.135602, 9.687466, 1.1, 1.1
1.122756, 9.486525, 1.1, 1.1
1.103424, 9.287755, 1.1, 1.1
1.079749, 9.089235, 1.1, 1.1
1.053834, 8.891008, 1.1, 1.1
1.027042, 8.692278, 1.1, 1.1
0.999869, 8.494879, 1.1, 1.1
0.972222, 8.297346, 1.1, 1.1
0.944146, 8.099291, 1.1, 1.1
0.915941, 7.902134, 1.1, 1.1
0.887474, 7.704307, 1.1, 1.1
0.858868, 7.506551, 1.1, 1.1
0.830176, 7.309449, 1.1, 1.1
0.801135, 7.111358, 1.1, 1.1
0.771988, 6.913892, 1.1, 1.1
0.742682, 6.716577, 1.1, 1.1
0.713141, 6.518824, 1.1, 1.1
0.683508, 6.321533, 1.1, 1.1
0.653686, 6.124012, 1.1, 1.1
0.623721, 5.926493, 1.1, 1.1
0.593685, 5.729341, 1.1, 1.1
0.563462, 5.531712, 1.1, 1.1
0.533183, 5.334353, 1.1, 1.1
0.502833, 5.137067, 1.1, 1.1
0.472389, 4.939577, 1.1, 1.1
0.441933, 4.742313, 1.1, 1.1
0.41143, 4.544911, 1.1, 1.1
0.380921, 4.347521, 1.1, 1.1
0.350449, 4.150281, 1.1, 1.1
0.319973, 3.952801, 1.1, 1.1
0.289571, 3.755449, 1.1, 1.1
0.259244, 3.558086, 1.1, 1.1
0.229002, 3.360637, 1.1, 1.1
0.198893, 3.163268, 1.1, 1.1
0.168911, 2.965792, 1.1, 1.1
0.139095, 2.768318, 1.1, 1.1
0.10947, 2.570861, 1.1, 1.1
0.080042, 2.373305, 1.1, 1.1
0.050853, 2.175753, 1.1, 1.1
0.021926, 1.978117, 1.1, 1.1
-0.006492, 1.780396, 1.1, 1.1
-0.033957, 1.582656, 1.1, 1.1
-0.059848, 1.384467, 1.1, 1.1
-0.08225, 1.186052, 1.1, 1.1
-0.098911, 0.987134, 1.1, 1.1
-0.107321, 0.787553, 1.1, 1.1
-0.104527, 0.588, 1.1, 1.1
-0.088012, 0.392884, 1.1, 1.1
-0.054566, 0.198373, 1.1, 1.1
0.0, 0.0, 1.1, 1.1
